cough,fever,headache
fever,flu,body_pain
cough,asthma,inhaler
fever,headache,nausea
cough,flu
diabetes,insulin
flu,cough,fever
headache,nausea
flu,body_pain,fever
cough,fever
fever,covid,loss_of_smell
pneumonia,cough,fever,antibiotics
hypertension,headache,medicine
cough,bronchitis,inhaler
migraine,headache,nausea
flu,fever,cough,body_pain
diabetes,obesity,insulin,diet
allergy,asthma,inhaler
cough,fever,chest_pain
flu,headache,fatigue
diabetes,foot_pain,neuropathy
covid,fever,cough,shortness_of_breath
flu,fever,runny_nose
cough,sore_throat,fever
allergy,sneezing,runny_nose
hypertension,cholesterol,medicine
asthma,cough,wheezing,inhaler
diabetes,blurred_vision,insulin
cough,fever,body_pain,fatigue
flu,fever,chills
covid,cough,fever,loss_of_taste
migraine,headache,blurred_vision
flu,body_pain,runny_nose,fever
diabetes,kidney_problem,insulin,dialysis
asthma,cough,allergy
bronchitis,cough,fever
flu,headache,cough,fever
diabetes,insulin,diet,exercise
covid,fever,fatigue,cough
